genre,boxoffice,rating,0
Action,0.0,6.6,7
Adventure,0.0,6.83333333333,12
Animation,0.0,6.88571428571,7
Biography,0.0,6.7,2
Comedy,0.0,6.27391304348,69
Crime,0.0,6.70625,16
Documentary,0.0,5.17857142857,14
Drama,0.0,6.45352112676,71
Family,0.0,6.64,5
Fantasy,0.0,6.46666666667,36
History,0.0,6.37142857143,7
Horror,0.0,6.74285714286,7
Music,0.0,6.9,1
Mystery,0.0,6.825,4
Romance,0.0,6.55833333333,12
Sci-Fi,0.0,6.75,2
Short,0.0,6.16076923077,130
Sport,0.0,6.8,1
War,0.0,6.475,4
Western,0.0,6.43333333333,6
